<?xml version="1.0" encoding="utf-8" ?>
<Patch>

  <!-- Mod Support for Combat Extended -->
  <Operation Class="PatchOperationFindMod">
	<mods>
		<li>Combat Extended</li>
	</mods>
	<match Class="PatchOperationSequence">
		<success>Always</success>
		<operations>
			<!-- Chef's Knife -->
			<li Class="PatchOperationReplace">
				<xpath>Defs/ThingDef[defName="Tool_Chefs_Knife"]/tools</xpath>
				<value>
					<tools>
						<li Class="CombatExtended.ToolCE">
							<label>handle</label>
							<capacities>
								<li>Blunt</li>
							</capacities>
							<power>5.0</power>
							<cooldownTime>1.2</cooldownTime>
							<chanceFactor>1.1</chanceFactor>
							<armorPenetration>0.09</armorPenetration>
							<linkedBodyPartsGroup>Handle</linkedBodyPartsGroup>
						</li>
						<li Class="CombatExtended.ToolCE">
							<label>edge</label>
							<capacities>
								<li>Cut</li>
							</capacities>
							<power>8.0</power>
							<cooldownTime>2.0</cooldownTime>
							<chanceFactor>1.33</chanceFactor>
							<armorPenetration>0.110</armorPenetration>
							<linkedBodyPartsGroup>Edge</linkedBodyPartsGroup>
						</li>
						<li Class="CombatExtended.ToolCE">
							<label>point</label>
							<capacities>
								<li>Stab</li>
							</capacities>
							<power>11.0</power>
							<cooldownTime>2.0</cooldownTime>
							<chanceFactor>1.34</chanceFactor>
							<armorPenetration>0.230</armorPenetration>
							<linkedBodyPartsGroup>Point</linkedBodyPartsGroup>
						</li>
					</tools>
				</value>
			</li>
			<li Class="PatchOperationAdd">
			  <xpath>Defs/ThingDef[defName="Tool_Chefs_Knife"]/statBases</xpath>
				<value>
					<Bulk>4</Bulk>
					<MeleeCounterParryBonus>1.0</MeleeCounterParryBonus>
				</value>
			</li>
			<li Class="PatchOperationAdd">
				<xpath>Defs/ThingDef[defName="Tool_Chefs_Knife"]/equippedStatOffsets</xpath>
				<value>
					<MeleeCritChance>0.20</MeleeCritChance>
					<MeleeParryChance>0.20</MeleeParryChance>
				</value>
			</li>
			<li Class="PatchOperationReplace">
				<xpath>Defs/ThingDef[defName="Tool_Chefs_Knife"]/weaponTags</xpath>
				<value>
					<li>CE_OneHandedWeapon</li>
					<li>CE_Sidearm_Melee</li>
				</value>
			</li>
		</operations>
	</match>
  </Operation>

   <Operation Class="PatchOperationFindMod">
	<mods>
		<li>Combat Extended</li>
	</mods>
	<match Class="PatchOperationSequence">
		<success>Always</success>
		<operations>
			<!-- Pillow -->
			<li Class="PatchOperationReplace">
				<xpath>Defs/ThingDef[defName="Tool_Pillow"]/tools</xpath>
				<value>
					<tools>
						<li Class="CombatExtended.ToolCE">
							<label>side</label>
							<capacities>
								<li>Blunt</li>
							</capacities>
							<power>1.0</power>
							<cooldownTime>1.2</cooldownTime>
							<chanceFactor>1.33</chanceFactor>
							<armorPenetration>0.01</armorPenetration>
							<linkedBodyPartsGroup>Head</linkedBodyPartsGroup>
						</li>
					</tools>
				</value>
			</li>
			<li Class="PatchOperationAdd">
			  <xpath>Defs/ThingDef[defName="Tool_Pillow"]/statBases</xpath>
				<value>
					<Bulk>2</Bulk>
					<MeleeCounterParryBonus>1</MeleeCounterParryBonus>
				</value>
			</li>
			<li Class="PatchOperationReplace">
				<xpath>Defs/ThingDef[defName="Tool_Pillow"]/weaponTags</xpath>
				<value>
					<li>CE_OneHandedWeapon</li>
					<li>CE_Sidearm_Melee</li>
				</value>
			</li>
		</operations>
	</match>
  </Operation>

  <Operation Class="PatchOperationFindMod">
	<mods>
		<li>Combat Extended</li>
	</mods>
	<match Class="PatchOperationSequence">
		<success>Always</success>
		<operations>
			<!-- Flowers -->
			<li Class="PatchOperationReplace">
				<xpath>Defs/ThingDef[defName="Tool_Flowers"]/tools</xpath>
				<value>
					<tools>
						<li Class="CombatExtended.ToolCE">
							<label>head</label>
							<capacities>
								<li>Blunt</li>
							</capacities>
							<power>1.0</power>
							<cooldownTime>1.0</cooldownTime>
							<chanceFactor>1.33</chanceFactor>
							<armorPenetration>0.001</armorPenetration>
							<linkedBodyPartsGroup>Head</linkedBodyPartsGroup>
						</li>
					</tools>
				</value>
			</li>
			<li Class="PatchOperationAdd">
			  <xpath>Defs/ThingDef[defName="Tool_Flowers"]/statBases</xpath>
				<value>
					<Bulk>1</Bulk>
					<MeleeCounterParryBonus>1</MeleeCounterParryBonus>
				</value>
			</li>
			<li Class="PatchOperationReplace">
				<xpath>Defs/ThingDef[defName="Tool_Flowers"]/weaponTags</xpath>
				<value>
					<li>CE_OneHandedWeapon</li>
					<li>CE_Sidearm_Melee</li>
				</value>
			</li>
		</operations>
	</match>
  </Operation>
  
  <Operation Class="PatchOperationFindMod">
	<mods>
		<li>Combat Extended</li>
	</mods>
	<match Class="PatchOperationSequence">
		<success>Always</success>
		<operations>
			<!-- Fan -->
			<li Class="PatchOperationReplace">
				<xpath>Defs/ThingDef[defName="Tool_Fan"]/tools</xpath>
				<value>
					<tools>
						<li Class="CombatExtended.ToolCE">
							<label>edge</label>
							<capacities>
								<li>Cut</li>
							</capacities>
							<power>6.0</power>
							<cooldownTime>1.1</cooldownTime>
							<chanceFactor>1.33</chanceFactor>
							<armorPenetration>0.05</armorPenetration>
							<linkedBodyPartsGroup>Edge</linkedBodyPartsGroup>
						</li>
					</tools>
				</value>
			</li>
			<li Class="PatchOperationAdd">
			  <xpath>Defs/ThingDef[defName="Tool_Fan"]/statBases</xpath>
				<value>
					<Bulk>2</Bulk>
					<MeleeCounterParryBonus>1</MeleeCounterParryBonus>
				</value>
			</li>
			<li Class="PatchOperationReplace">
				<xpath>Defs/ThingDef[defName="Tool_Fan"]/weaponTags</xpath>
				<value>
					<li>CE_OneHandedWeapon</li>
					<li>CE_Sidearm_Melee</li>
				</value>
			</li>
		</operations>
	</match>
  </Operation>

  <Operation Class="PatchOperationFindMod">
	<mods>
		<li>Combat Extended</li>
	</mods>
	<match Class="PatchOperationSequence">
		<success>Always</success>
		<operations>
			<!-- Encyclopedia -->
			<li Class="PatchOperationReplace">
				<xpath>Defs/ThingDef[defName="Tool_Encyclopedia"]/tools</xpath>
				<value>
					<tools>
						<li Class="CombatExtended.ToolCE">
							<label>cover</label>
							<capacities>
								<li>Blunt</li>
							</capacities>
							<power>6.0</power>
							<cooldownTime>1.2</cooldownTime>
							<chanceFactor>1.33</chanceFactor>
							<armorPenetration>0.08</armorPenetration>
							<linkedBodyPartsGroup>Head</linkedBodyPartsGroup>
						</li>
					</tools>
				</value>
			</li>
			<li Class="PatchOperationAdd">
			  <xpath>Defs/ThingDef[defName="Tool_Encyclopedia"]/statBases</xpath>
				<value>
					<Bulk>5</Bulk>
					<MeleeCounterParryBonus>1</MeleeCounterParryBonus>
				</value>
			</li>
			<li Class="PatchOperationReplace">
				<xpath>Defs/ThingDef[defName="Tool_Encyclopedia"]/weaponTags</xpath>
				<value>
					<li>CE_OneHandedWeapon</li>
					<li>CE_Sidearm_Melee</li>
				</value>
			</li>
		</operations>
	</match>
  </Operation>

  <Operation Class="PatchOperationFindMod">
	<mods>
		<li>Combat Extended</li>
	</mods>
	<match Class="PatchOperationSequence">
		<success>Always</success>
		<operations>
			<!-- How To -->
			<li Class="PatchOperationReplace">
				<xpath>Defs/ThingDef[defName="Tool_How_To"]/tools</xpath>
				<value>
					<tools>
						<li Class="CombatExtended.ToolCE">
							<label>cover</label>
							<capacities>
								<li>Blunt</li>
							</capacities>
							<power>6.0</power>
							<cooldownTime>1.2</cooldownTime>
							<chanceFactor>1.33</chanceFactor>
							<armorPenetration>0.08</armorPenetration>
							<linkedBodyPartsGroup>Head</linkedBodyPartsGroup>
						</li>
					</tools>
				</value>
			</li>
			<li Class="PatchOperationAdd">
			  <xpath>Defs/ThingDef[defName="Tool_How_To"]/statBases</xpath>
				<value>
					<Bulk>5</Bulk>
					<MeleeCounterParryBonus>1</MeleeCounterParryBonus>
				</value>
			</li>
			<li Class="PatchOperationReplace">
				<xpath>Defs/ThingDef[defName="Tool_How_To"]/weaponTags</xpath>
				<value>
					<li>CE_OneHandedWeapon</li>
					<li>CE_Sidearm_Melee</li>
				</value>
			</li>
		</operations>
	</match>
  </Operation>

  <Operation Class="PatchOperationFindMod">
	<mods>
		<li>Combat Extended</li>
	</mods>
	<match Class="PatchOperationSequence">
		<success>Always</success>
		<operations>
			<!-- Coupon Book -->
			<li Class="PatchOperationReplace">
				<xpath>Defs/ThingDef[defName="Tool_Coupon_Book"]/tools</xpath>
				<value>
					<tools>
						<li Class="CombatExtended.ToolCE">
							<label>cover</label>
							<capacities>
								<li>Blunt</li>
							</capacities>
							<power>6.0</power>
							<cooldownTime>1.2</cooldownTime>
							<chanceFactor>1.33</chanceFactor>
							<armorPenetration>0.08</armorPenetration>
							<linkedBodyPartsGroup>Head</linkedBodyPartsGroup>
						</li>
					</tools>
				</value>
			</li>
			<li Class="PatchOperationAdd">
			  <xpath>Defs/ThingDef[defName="Tool_Coupon_Book"]/statBases</xpath>
				<value>
					<Bulk>5</Bulk>
					<MeleeCounterParryBonus>1</MeleeCounterParryBonus>
				</value>
			</li>
			<li Class="PatchOperationReplace">
				<xpath>Defs/ThingDef[defName="Tool_Coupon_Book"]/weaponTags</xpath>
				<value>
					<li>CE_OneHandedWeapon</li>
					<li>CE_Sidearm_Melee</li>
				</value>
			</li>
		</operations>
	</match>
  </Operation>

  <Operation Class="PatchOperationFindMod">
	<mods>
		<li>Combat Extended</li>
	</mods>
	<match Class="PatchOperationSequence">
		<success>Always</success>
		<operations>
			<!-- Laptop -->
			<li Class="PatchOperationReplace">
				<xpath>Defs/ThingDef[defName="Tool_Laptop"]/tools</xpath>
				<value>
					<tools>
						<li Class="CombatExtended.ToolCE">
						<label>Side</label>
						<capacities>
							<li>Blunt</li>
						</capacities>
						<power>7.0</power>
						<cooldownTime>1.2</cooldownTime>
						<chanceFactor>1.33</chanceFactor>
						<armorPenetration>0.09</armorPenetration>
						<linkedBodyPartsGroup>Head</linkedBodyPartsGroup>
						</li>
					</tools>
				</value>
			</li>
			<li Class="PatchOperationAdd">
			  <xpath>Defs/ThingDef[defName="Tool_Laptop"]/statBases</xpath>
				<value>
					<Bulk>5</Bulk>
					<MeleeCounterParryBonus>0.4</MeleeCounterParryBonus>
				</value>
			</li>
			<li Class="PatchOperationReplace">
				<xpath>Defs/ThingDef[defName="Tool_Laptop"]/weaponTags</xpath>
				<value>
					<li>CE_OneHandedWeapon</li>
					<li>CE_Sidearm_Melee</li>
				</value>
			</li>
		</operations>
	</match>
  </Operation>

  <Operation Class="PatchOperationFindMod">
	<mods>
		<li>Combat Extended</li>
	</mods>
	<match Class="PatchOperationSequence">
		<success>Always</success>
		<operations>
			<!-- Saw -->
			<li Class="PatchOperationReplace">
				<xpath>Defs/ThingDef[defName="Tool_Saw"]/tools</xpath>
				<value>
					<tools>
						<li Class="CombatExtended.ToolCE">
						<label>handle</label>
						<capacities>
							<li>Blunt</li>
						</capacities>
						<power>5.0</power>
						<cooldownTime>1.2</cooldownTime>
						<chanceFactor>1.1</chanceFactor>
						<armorPenetration>0.09</armorPenetration>
						<linkedBodyPartsGroup>Handle</linkedBodyPartsGroup>
						</li>
						<li Class="CombatExtended.ToolCE">
						<label>edge</label>
						<capacities>
							<li>Cut</li>
						</capacities>
						<power>10.0</power>
						<cooldownTime>2.2</cooldownTime>
						<chanceFactor>1.33</chanceFactor>
						<armorPenetration>0.125</armorPenetration>
						<linkedBodyPartsGroup>Edge</linkedBodyPartsGroup>
						</li>
					</tools>
				</value>
			</li>
			<li Class="PatchOperationAdd">
			  <xpath>Defs/ThingDef[defName="Tool_Saw"]/statBases</xpath>
				<value>
					<Bulk>7</Bulk>
					<MeleeCounterParryBonus>1.1</MeleeCounterParryBonus>
				</value>
			</li>
			<li Class="PatchOperationAdd">
				<xpath>Defs/ThingDef[defName="Tool_Saw"]/equippedStatOffsets</xpath>
				<value>
					<MeleeCritChance>0.20</MeleeCritChance>
					<MeleeParryChance>0.20</MeleeParryChance>
				</value>
			</li>
			<li Class="PatchOperationReplace">
				<xpath>Defs/ThingDef[defName="Tool_Saw"]/weaponTags</xpath>
				<value>
					<li>CE_OneHandedWeapon</li>
					<li>CE_Sidearm_Melee</li>
				</value>
			</li>
		</operations>
	</match>
  </Operation>

  <Operation Class="PatchOperationFindMod">
	<mods>
		<li>Combat Extended</li>
	</mods>
	<match Class="PatchOperationSequence">
		<success>Always</success>
		<operations>
			<!-- Power Drill -->
			<li Class="PatchOperationReplace">
				<xpath>Defs/ThingDef[defName="Tool_Power_Drill"]/tools</xpath>
				<value>
					<tools>
						<li Class="CombatExtended.ToolCE">
						<label>handle</label>
						<capacities>
							<li>Blunt</li>
						</capacities>
						<power>5.0</power>
						<cooldownTime>1.2</cooldownTime>
						<chanceFactor>1.1</chanceFactor>
						<armorPenetration>0.09</armorPenetration>
						<linkedBodyPartsGroup>Handle</linkedBodyPartsGroup>
						</li>
						<li Class="CombatExtended.ToolCE">
						<label>drill</label>
						<capacities>
							<li>Stab</li>
						</capacities>
						<power>26.0</power>
						<cooldownTime>5.5</cooldownTime>
						<chanceFactor>1.33</chanceFactor>
						<armorPenetration>0.440</armorPenetration>
						<linkedBodyPartsGroup>Point</linkedBodyPartsGroup>
						</li>
					</tools>
				</value>
			</li>
			<li Class="PatchOperationAdd">
			  <xpath>Defs/ThingDef[defName="Tool_Power_Drill"]/statBases</xpath>
				<value>
					<Bulk>10</Bulk>
					<MeleeCounterParryBonus>1.2</MeleeCounterParryBonus>
				</value>
			</li>
			<li Class="PatchOperationAdd">
				<xpath>Defs/ThingDef[defName="Tool_Power_Drill"]/equippedStatOffsets</xpath>
				<value>
					<MeleeCritChance>0.50</MeleeCritChance>
					<MeleeParryChance>0.10</MeleeParryChance>
				</value>
			</li>
			<li Class="PatchOperationReplace">
				<xpath>Defs/ThingDef[defName="Tool_Power_Drill"]/weaponTags</xpath>
				<value>
					<li>CE_OneHandedWeapon</li>
					<li>CE_Sidearm_Melee</li>
				</value>
			</li>
		</operations>
	</match>
  </Operation>

  <Operation Class="PatchOperationFindMod">
	<mods>
		<li>Combat Extended</li>
	</mods>
	<match Class="PatchOperationSequence">
		<success>Always</success>
		<operations>
			<!-- Scissors -->
			<li Class="PatchOperationReplace">
				<xpath>Defs/ThingDef[defName="Tool_Scissors"]/tools</xpath>
				<value>
					<tools>
						<li Class="CombatExtended.ToolCE">
						<label>head</label>
						<capacities>
							<li>Stab</li>
						</capacities>
						<power>7.0</power>
						<cooldownTime>1.8</cooldownTime>
						<chanceFactor>1.33</chanceFactor>
						<armorPenetration>0.13</armorPenetration>
						<linkedBodyPartsGroup>Point</linkedBodyPartsGroup>
						</li>
					</tools>
				</value>
			</li>
			<li Class="PatchOperationAdd">
			  <xpath>Defs/ThingDef[defName="Tool_Scissors"]/statBases</xpath>
				<value>
					<Bulk>2</Bulk>
					<MeleeCounterParryBonus>1.2</MeleeCounterParryBonus>
				</value>
			</li>
			<li Class="PatchOperationAdd">
				<xpath>Defs/ThingDef[defName="Tool_Scissors"]/equippedStatOffsets</xpath>
				<value>
					<MeleeCritChance>0.10</MeleeCritChance>
					<MeleeParryChance>0.10</MeleeParryChance>
				</value>
			</li>
			<li Class="PatchOperationReplace">
				<xpath>Defs/ThingDef[defName="Tool_Scissors"]/weaponTags</xpath>
				<value>
					<li>CE_OneHandedWeapon</li>
					<li>CE_Sidearm_Melee</li>
				</value>
			</li>
		</operations>
	</match>
  </Operation>

  <Operation Class="PatchOperationFindMod">
	<mods>
		<li>Combat Extended</li>
	</mods>
	<match Class="PatchOperationSequence">
		<success>Always</success>
		<operations>
			<!-- Whistle -->
			<li Class="PatchOperationReplace">
				<xpath>Defs/ThingDef[defName="Tool_Whistle"]/tools</xpath>
				<value>
					<tools>
						<li Class="CombatExtended.ToolCE">
						<label>body</label>
						<capacities>
							<li>Blunt</li>
						</capacities>
						<power>6</power>
						<cooldownTime>1.85</cooldownTime>
						<chanceFactor>1.33</chanceFactor>
						<armorPenetration>0.09</armorPenetration>
						<linkedBodyPartsGroup>Head</linkedBodyPartsGroup>
						</li>
					</tools>
				</value>
			</li>
			<li Class="PatchOperationAdd">
			  <xpath>Defs/ThingDef[defName="Tool_Whistle"]/statBases</xpath>
				<value>
					<Bulk>1</Bulk>
					<MeleeCounterParryBonus>1.0</MeleeCounterParryBonus>
				</value>
			</li>
			<li Class="PatchOperationAdd">
				<xpath>Defs/ThingDef[defName="Tool_Whistle"]/equippedStatOffsets</xpath>
				<value>
					<MeleeCritChance>0.05</MeleeCritChance>
				</value>
			</li>
			<li Class="PatchOperationReplace">
				<xpath>Defs/ThingDef[defName="Tool_Whistle"]/weaponTags</xpath>
				<value>
					<li>CE_OneHandedWeapon</li>
					<li>CE_Sidearm_Melee</li>
				</value>
			</li>
		</operations>
	</match>
  </Operation>
 
  <Operation Class="PatchOperationFindMod">
	<mods>
		<li>Combat Extended</li>
	</mods>
	<match Class="PatchOperationSequence">
		<success>Always</success>
		<operations>
			<!-- Whistle -->
			<li Class="PatchOperationReplace">
				<xpath>Defs/ThingDef[defName="Tool_Screwdriver"]/tools</xpath>
				<value>
					<tools>
						<li Class="CombatExtended.ToolCE">
						<label>handle</label>
						<capacities>
							<li>Blunt</li>
						</capacities>
						<power>5.0</power>
						<cooldownTime>1.2</cooldownTime>
						<chanceFactor>1.1</chanceFactor>
						<armorPenetration>0.09</armorPenetration>
						<linkedBodyPartsGroup>Handle</linkedBodyPartsGroup>
						</li>
						<li Class="CombatExtended.ToolCE">
						<label>head</label>
						<capacities>
							<li>Stab</li>
						</capacities>
						<power>7.0</power>
						<cooldownTime>1.8</cooldownTime>
						<chanceFactor>1.33</chanceFactor>
						<armorPenetration>0.13</armorPenetration>
						<linkedBodyPartsGroup>Point</linkedBodyPartsGroup>
						</li>
					</tools>
				</value>
			</li>
			<li Class="PatchOperationAdd">
			  <xpath>Defs/ThingDef[defName="Tool_Screwdriver"]/statBases</xpath>
				<value>
					<Bulk>1</Bulk>
					<MeleeCounterParryBonus>1.0</MeleeCounterParryBonus>
				</value>
			</li>
			<li Class="PatchOperationAdd">
				<xpath>Defs/ThingDef[defName="Tool_Screwdriver"]/equippedStatOffsets</xpath>
				<value>
					<MeleeCritChance>0.2</MeleeCritChance>
					<MeleeParryChance>0.2</MeleeParryChance>
				</value>
			</li>
			<li Class="PatchOperationReplace">
				<xpath>Defs/ThingDef[defName="Tool_Screwdriver"]/weaponTags</xpath>
				<value>
					<li>CE_OneHandedWeapon</li>
					<li>CE_Sidearm_Melee</li>
				</value>
			</li>
		</operations>
	</match>
  </Operation>
 
  <Operation Class="PatchOperationFindMod">
	<mods>
		<li>Combat Extended</li>
	</mods>
	<match Class="PatchOperationSequence">
		<success>Always</success>
		<operations>
			<!-- Skill Saw -->
			<li Class="PatchOperationReplace">
				<xpath>Defs/ThingDef[defName="Tool_Skill_Saw"]/tools</xpath>
				<value>
					<tools>
						<li Class="CombatExtended.ToolCE">
						<label>handle</label>
						<capacities>
							<li>Blunt</li>
						</capacities>
						<power>6.0</power>
						<cooldownTime>1.2</cooldownTime>
						<chanceFactor>1.1</chanceFactor>
						<armorPenetration>0.09</armorPenetration>
						<linkedBodyPartsGroup>Handle</linkedBodyPartsGroup>
						</li>
						<li Class="CombatExtended.ToolCE">
						<label>edge</label>
						<capacities>
							<li>Cut</li>
						</capacities>
						<power>34.0</power>
						<cooldownTime>5.0</cooldownTime>
						<chanceFactor>1.33</chanceFactor>
						<armorPenetration>0.310</armorPenetration>
						<linkedBodyPartsGroup>Edge</linkedBodyPartsGroup>
						</li>
					</tools>
				</value>
			</li>
			<li Class="PatchOperationAdd">
			  <xpath>Defs/ThingDef[defName="Tool_Skill_Saw"]/statBases</xpath>
				<value>
					<Bulk>10</Bulk>
					<MeleeCounterParryBonus>1.2</MeleeCounterParryBonus>
				</value>
			</li>
			<li Class="PatchOperationAdd">
				<xpath>Defs/ThingDef[defName="Tool_Skill_Saw"]/equippedStatOffsets</xpath>
				<value>
					<MeleeCritChance>0.50</MeleeCritChance>
					<MeleeParryChance>-0.20</MeleeParryChance>
					<MeleeDodgeChance>-0.10</MeleeDodgeChance>
				</value>
			</li>
			<li Class="PatchOperationReplace">
				<xpath>Defs/ThingDef[defName="Tool_Skill_Saw"]/weaponTags</xpath>
				<value>
					<li>CE_OneHandedWeapon</li>
					<li>CE_Sidearm_Melee</li>
				</value>
			</li>
		</operations>
	</match>
  </Operation>
 
  <Operation Class="PatchOperationFindMod">
	<mods>
		<li>Combat Extended</li>
	</mods>
	<match Class="PatchOperationSequence">
		<success>Always</success>
		<operations>
			<!-- Skinning Knife -->
			<li Class="PatchOperationReplace">
				<xpath>Defs/ThingDef[defName="Tool_Skinning_Knife"]/tools</xpath>
				<value>
					<tools>
						<li Class="CombatExtended.ToolCE">
						<label>point</label>
						<capacities>
							<li>Stab</li>
						</capacities>
						<power>8.0</power>
						<cooldownTime>1.8</cooldownTime>
						<chanceFactor>1.11</chanceFactor>
						<armorPenetration>0.11</armorPenetration>
						<linkedBodyPartsGroup>Point</linkedBodyPartsGroup>
						</li>
						<li Class="CombatExtended.ToolCE">
						<label>edge</label>
						<capacities>
							<li>Cut</li>
						</capacities>
						<power>9.0</power>
						<cooldownTime>1.9</cooldownTime>
						<chanceFactor>1.33</chanceFactor>
						<armorPenetration>0.11</armorPenetration>
						<linkedBodyPartsGroup>Edge</linkedBodyPartsGroup>
						</li>
					</tools>
				</value>
			</li>
			<li Class="PatchOperationAdd">
			  <xpath>Defs/ThingDef[defName="Tool_Skinning_Knife"]/statBases</xpath>
				<value>
					<Bulk>3</Bulk>
					<MeleeCounterParryBonus>1.0</MeleeCounterParryBonus>
				</value>
			</li>
			<li Class="PatchOperationAdd">
				<xpath>Defs/ThingDef[defName="Tool_Skinning_Knife"]/equippedStatOffsets</xpath>
				<value>
					<MeleeCritChance>0.30</MeleeCritChance>
					<MeleeParryChance>0.15</MeleeParryChance>
				</value>
			</li>
			<li Class="PatchOperationReplace">
				<xpath>Defs/ThingDef[defName="Tool_Skinning_Knife"]/weaponTags</xpath>
				<value>
					<li>CE_OneHandedWeapon</li>
					<li>CE_Sidearm_Melee</li>
				</value>
			</li>
		</operations>
	</match>
  </Operation>
 
  <Operation Class="PatchOperationFindMod">
	<mods>
		<li>Combat Extended</li>
	</mods>
	<match Class="PatchOperationSequence">
		<success>Always</success>
		<operations>
			<!-- Sickle -->
			<li Class="PatchOperationReplace">
				<xpath>Defs/ThingDef[defName="Tool_Sickle"]/tools</xpath>
				<value>
					<tools>
						<li Class="CombatExtended.ToolCE">
						<label>handle</label>
						<capacities>
							<li>Blunt</li>
						</capacities>
						<power>5.0</power>
						<cooldownTime>1.2</cooldownTime>
						<chanceFactor>1.1</chanceFactor>
						<armorPenetration>0.09</armorPenetration>
						<linkedBodyPartsGroup>Handle</linkedBodyPartsGroup>
						</li>
						<li Class="CombatExtended.ToolCE">
						<label>edge</label>
						<capacities>
							<li>Cut</li>
						</capacities>
						<power>11.0</power>
						<cooldownTime>2.1</cooldownTime>
						<chanceFactor>1.33</chanceFactor>
						<armorPenetration>0.150</armorPenetration>
						<linkedBodyPartsGroup>Edge</linkedBodyPartsGroup>
						</li>
					</tools>
				</value>
			</li>
			<li Class="PatchOperationAdd">
			  <xpath>Defs/ThingDef[defName="Tool_Sickle"]/statBases</xpath>
				<value>
					<Bulk>6</Bulk>
					<MeleeCounterParryBonus>1.0</MeleeCounterParryBonus>
				</value>
			</li>
			<li Class="PatchOperationAdd">
				<xpath>Defs/ThingDef[defName="Tool_Sickle"]/equippedStatOffsets</xpath>
				<value>
					<MeleeCritChance>0.20</MeleeCritChance>
					<MeleeParryChance>0.25</MeleeParryChance>
				</value>
			</li>
			<li Class="PatchOperationReplace">
				<xpath>Defs/ThingDef[defName="Tool_Sickle"]/weaponTags</xpath>
				<value>
					<li>CE_OneHandedWeapon</li>
					<li>CE_Sidearm_Melee</li>
				</value>
			</li>
		</operations>
	</match>
  </Operation>  

  <Operation Class="PatchOperationFindMod">
	<mods>
		<li>Combat Extended</li>
	</mods>
	<match Class="PatchOperationSequence">
		<success>Always</success>
		<operations>
			<!-- Shovel -->
			<li Class="PatchOperationReplace">
				<xpath>Defs/ThingDef[defName="Tool_Shovel"]/tools</xpath>
				<value>
					<tools>
						<li Class="CombatExtended.ToolCE">
						<label>handle</label>
						<capacities>
							<li>Blunt</li>
						</capacities>
						<power>5.0</power>
						<cooldownTime>1.2</cooldownTime>
						<chanceFactor>1.1</chanceFactor>
						<armorPenetration>0.09</armorPenetration>
						<linkedBodyPartsGroup>Handle</linkedBodyPartsGroup>
						</li>
						<li Class="CombatExtended.ToolCE">
						<label>edge</label>
						<capacities>
							<li>Cut</li>
						</capacities>
						<power>9.0</power>
						<cooldownTime>1.8</cooldownTime>
						<chanceFactor>1.2</chanceFactor>
						<armorPenetration>0.110</armorPenetration>
						<linkedBodyPartsGroup>Edge</linkedBodyPartsGroup>
						</li>
						<li Class="CombatExtended.ToolCE">
						<label>point</label>
						<capacities>
							<li>Stab</li>
						</capacities>
						<power>11.0</power>
						<cooldownTime>2.0</cooldownTime>
						<chanceFactor>1.3</chanceFactor>
						<armorPenetration>0.180</armorPenetration>
						<linkedBodyPartsGroup>Point</linkedBodyPartsGroup>
						</li>
						<li Class="CombatExtended.ToolCE">
						<label>head</label>
						<capacities>
							<li>Blunt</li>
						</capacities>
						<power>14.0</power>
						<cooldownTime>2.5</cooldownTime>
						<chanceFactor>1.34</chanceFactor>
						<armorPenetration>0.11</armorPenetration>
						<linkedBodyPartsGroup>Head</linkedBodyPartsGroup>
						</li>
					</tools>
				</value>
			</li>
			<li Class="PatchOperationAdd">
			  <xpath>Defs/ThingDef[defName="Tool_Shovel"]/statBases</xpath>
				<value>
					<Bulk>8</Bulk>
					<MeleeCounterParryBonus>1.0</MeleeCounterParryBonus>
				</value>
			</li>
			<li Class="PatchOperationAdd">
				<xpath>Defs/ThingDef[defName="Tool_Shovel"]/equippedStatOffsets</xpath>
				<value>
					<MeleeCritChance>0.20</MeleeCritChance>
					<MeleeParryChance>0.20</MeleeParryChance>
				</value>
			</li>
			<li Class="PatchOperationReplace">
				<xpath>Defs/ThingDef[defName="Tool_Shovel"]/weaponTags</xpath>
				<value>
					<li>CE_OneHandedWeapon</li>
					<li>CE_Sidearm_Melee</li>
				</value>
			</li>
		</operations>
	</match>
  </Operation> 

  <!-- Multiplayer API # CE # VWE -->
  <Operation Class="PatchOperationFindMod">
	<mods>
		<li>Combat Extended</li>
		<li>Multiplayer</li>
		<!-- <li>Vanilla Weapons Expanded</li> -->
	</mods>
	<match Class="PatchOperationSequence">
		<success>Always</success>
		<operations>
			<!-- Remove Whip -->
			<li Class="PatchOperationRemove">
				<xpath>Defs/ThingDef[defName="Tool_Whip"]</xpath>
			</li>
		</operations>
	</match>
  </Operation>

</Patch>