<?xml version="1.0" encoding="UTF-8"?>
<Patch>

<!-- Patch for Dermal Regenerator -->
  <Operation Class="PatchOperationFindMod">
	<mods>
		<li>DermalRegenerator 1.0</li>
	</mods>
	<match Class="PatchOperationSequence">
		<success>Always</success>
		<operations>
			<li Class="PatchOperationAdd">
			  <xpath>/Defs/ResearchProjectDef[defName="DermalRegenerator"]</xpath>
				<value>
					<researchViewX>9</researchViewX>
				</value>
			</li>
			<li Class="PatchOperationAdd">
			  <xpath>/Defs/ResearchProjectDef[defName="DermalRegenerator"]</xpath>
				<value>
					<researchViewY>2.9</researchViewY>
				</value>
			</li>
		</operations>
	</match>
  </Operation>

<!-- Patch for MendAndRecycle -->
  <Operation Class="PatchOperationFindMod">
	<mods>
		<li>MendAndRecycle</li>
	</mods>
	<match Class="PatchOperationSequence">
		<success>Always</success>
		<operations>
			<li Class="PatchOperationAdd">
			  <xpath>/Defs/ResearchProjectDef[defName="Mending"]</xpath>
				<value>
					<researchViewX>4</researchViewX>
				</value>
			</li>
			<li Class="PatchOperationAdd">
			  <xpath>/Defs/ResearchProjectDef[defName="Mending"]</xpath>
				<value>
					<researchViewY>2.9</researchViewY>
				</value>
			</li>
		</operations>
	</match>
  </Operation>

</Patch>