<?xml version="1.0" encoding="UTF-8"?>
<Patch>

<!-- Patch to Medieval Madness: Tools of the Trade -->
  <Operation Class="PatchOperationFindMod">
	<mods>
		<li>Medieval Madness: Tools of the Trade</li>
	</mods>
	<match Class="PatchOperationSequence">
		<success>Always</success>
		<operations>
			<li Class="PatchOperationReplace">
			  <xpath>/Defs/ThingDef[defName="MMr_tknives"]/label</xpath>
				<value>
					<label>throwing blades</label>
				</value>
			</li>
			<li Class="PatchOperationReplace">
			  <xpath>/Defs/ThingDef[defName="MM_waraxe"]/label</xpath>
				<value>
					<label>war axe</label>
				</value>
			</li>
			<li Class="PatchOperationReplace">
			  <xpath>/Defs/ThingDef[defName="MM_halberd"]/label</xpath>
				<value>
					<label>vigilante</label>
				</value>
			</li>
		</operations>
	</match>
  </Operation>

</Patch>